"","x"
"1","boat boats whale work waggon"
"2","men make letter home things"
"3","cape south hope coast harbour"
"4","ship board captain vessel passengers"
"5","government persons settlers paid families"
"6","south wales land colony emigration"
"7","esq company money directors capital"
"8","commission motion hospital court infirmary"
"9","currency distress trade pay opinion"
"10","general community labourer person manners"
"11","meeting held members rev edinburgh"
"12","country good land dollars miles"
"13","king chief natives people crew"
"14","state country place people give"
"15","government united states laws legislature"
"16","william james political john offer"
"17","ditto june april sept john"
"18","company west north river fort"
"19","number emigrants emigration amount british"
"20","gold coin bank silver england"
"21","quakers newspaper dance thought sept"
"22","states country america united acres"
"23","river miles governor country bathurst"
"24","coast natives jackson severely holland"
"25","men general army troops fort"
"26","fire discovered falling damage houses"
"27","canada upper province montreal royal"
"28","received arrived governor dated island"
"29","church council paisley hamilton effect"
"30","bill house hon committee hear"
"31","peru town lima produce thing"
"32","indians killed river americans indian"
"33","wild woodland cheer years mild"
"34","citizens law proper congress subject"
"35","town left number day house"
"36","settlement family climate emigration habits"
"37","lord zealand m.p lordship emigration"
"38","colony land labour country system"
"39","english hundred work england french"
"40","duke grace military death son"
"41","women press free knowledge india"
"42","wool bales market wools sales"
"43","character love marriage maraino scene"
"44","great time made present part"
"45","slaves free negroes whites coloured"
"46","american british america britain minister"
"47","convicts society transportation bay punishment"
"48","states united vessels islands colonies"
"49","boat boats fired barrels ball"
"50","companies president independent full chorus"
