topicId,rank,docId,filename
1,1,87,null-source
1,2,102,null-source
1,3,315,null-source
1,4,109,null-source
1,5,359,null-source
1,6,341,null-source
1,7,309,null-source
1,8,318,null-source
1,9,339,null-source
1,10,132,null-source
1,11,337,null-source
1,12,286,null-source
1,13,177,null-source
1,14,108,null-source
1,15,308,null-source
1,16,345,null-source
1,17,91,null-source
1,18,300,null-source
1,19,126,null-source
1,20,98,null-source
1,21,321,null-source
1,22,120,null-source
1,23,101,null-source
1,24,325,null-source
1,25,121,null-source
1,26,149,null-source
1,27,128,null-source
1,28,168,null-source
1,29,118,null-source
1,30,123,null-source
1,31,97,null-source
1,32,116,null-source
1,33,106,null-source
1,34,100,null-source
1,35,110,null-source
1,36,80,null-source
1,37,336,null-source
1,38,154,null-source
1,39,317,null-source
1,40,176,null-source
1,41,103,null-source
1,42,96,null-source
1,43,21,null-source
1,44,250,null-source
1,45,104,null-source
1,46,306,null-source
1,47,82,null-source
1,48,59,null-source
1,49,334,null-source
1,50,105,null-source
1,51,66,null-source
1,52,209,null-source
1,53,205,null-source
1,54,333,null-source
1,55,332,null-source
1,56,316,null-source
1,57,29,null-source
1,58,127,null-source
1,59,319,null-source
1,60,145,null-source
1,61,150,null-source
1,62,342,null-source
1,63,320,null-source
1,64,162,null-source
1,65,155,null-source
1,66,141,null-source
1,67,136,null-source
1,68,133,null-source
1,69,115,null-source
1,70,44,null-source
1,71,340,null-source
1,72,113,null-source
1,73,74,null-source
1,74,148,null-source
1,75,146,null-source
1,76,81,null-source
1,77,357,null-source
1,78,355,null-source
1,79,346,null-source
1,80,331,null-source
1,81,326,null-source
1,82,166,null-source
1,83,157,null-source
1,84,125,null-source
1,85,19,null-source
1,86,314,null-source
1,87,207,null-source
1,88,174,null-source
1,89,119,null-source
1,90,41,null-source
1,91,8,null-source
1,92,236,null-source
1,93,178,null-source
1,94,163,null-source
1,95,89,null-source
1,96,343,null-source
1,97,201,null-source
1,98,114,null-source
1,99,53,null-source
1,100,358,null-source
1,101,344,null-source
1,102,180,null-source
1,103,335,null-source
1,104,312,null-source
1,105,264,null-source
1,106,152,null-source
1,107,311,null-source
1,108,112,null-source
1,109,45,null-source
1,110,310,null-source
1,111,307,null-source
1,112,245,null-source
1,113,189,null-source
1,114,161,null-source
1,115,107,null-source
1,116,71,null-source
1,117,328,null-source
1,118,313,null-source
1,119,235,null-source
1,120,143,null-source
1,121,131,null-source
1,122,117,null-source
1,123,90,null-source
1,124,173,null-source
1,125,169,null-source
1,126,135,null-source
1,127,67,null-source
1,128,32,null-source
1,129,356,null-source
1,130,324,null-source
1,131,78,null-source
1,132,70,null-source
1,133,159,null-source
1,134,153,null-source
1,135,124,null-source
1,136,85,null-source
1,137,75,null-source
1,138,31,null-source
1,139,265,null-source
1,140,252,null-source
1,141,165,null-source
1,142,134,null-source
1,143,95,null-source
1,144,68,null-source
1,145,65,null-source
1,146,61,null-source
1,147,327,null-source
1,148,251,null-source
1,149,171,null-source
1,150,137,null-source
1,151,48,null-source
1,152,47,null-source
1,153,39,null-source
1,154,37,null-source
1,155,26,null-source
1,156,322,null-source
1,157,194,null-source
1,158,158,null-source
1,159,151,null-source
1,160,144,null-source
1,161,12,null-source
1,162,323,null-source
1,163,302,null-source
1,164,214,null-source
1,165,191,null-source
1,166,170,null-source
1,167,142,null-source
1,168,139,null-source
1,169,93,null-source
1,170,76,null-source
1,171,6,null-source
1,172,330,null-source
1,173,227,null-source
1,174,179,null-source
1,175,147,null-source
1,176,129,null-source
1,177,62,null-source
1,178,30,null-source
1,179,24,null-source
1,180,301,null-source
1,181,282,null-source
1,182,277,null-source
1,183,258,null-source
1,184,219,null-source
1,185,190,null-source
1,186,83,null-source
1,187,52,null-source
1,188,5,null-source
1,189,2,null-source
1,190,329,null-source
1,191,289,null-source
1,192,254,null-source
1,193,216,null-source
1,194,164,null-source
1,195,140,null-source
1,196,111,null-source
1,197,99,null-source
1,198,88,null-source
1,199,84,null-source
1,200,77,null-source
1,201,50,null-source
1,202,46,null-source
1,203,38,null-source
1,204,14,null-source
1,205,13,null-source
1,206,7,null-source
1,207,338,null-source
1,208,279,null-source
1,209,273,null-source
1,210,267,null-source
1,211,266,null-source
1,212,263,null-source
1,213,249,null-source
1,214,212,null-source
1,215,185,null-source
1,216,160,null-source
1,217,138,null-source
1,218,130,null-source
1,219,122,null-source
1,220,79,null-source
1,221,40,null-source
1,222,23,null-source
1,223,9,null-source
1,224,304,null-source
1,225,295,null-source
1,226,292,null-source
1,227,283,null-source
1,228,278,null-source
1,229,271,null-source
1,230,195,null-source
1,231,188,null-source
1,232,94,null-source
1,233,60,null-source
1,234,56,null-source
1,235,51,null-source
1,236,42,null-source
1,237,33,null-source
1,238,25,null-source
1,239,15,null-source
1,240,11,null-source
1,241,4,null-source
1,242,294,null-source
1,243,293,null-source
1,244,253,null-source
1,245,243,null-source
1,246,230,null-source
1,247,220,null-source
1,248,175,null-source
1,249,167,null-source
1,250,156,null-source
1,251,36,null-source
1,252,22,null-source
1,253,17,null-source
1,254,305,null-source
1,255,291,null-source
1,256,255,null-source
1,257,242,null-source
1,258,217,null-source
1,259,210,null-source
1,260,206,null-source
1,261,203,null-source
1,262,200,null-source
1,263,198,null-source
1,264,197,null-source
1,265,187,null-source
1,266,49,null-source
1,267,34,null-source
1,268,16,null-source
1,269,3,null-source
1,270,297,null-source
1,271,290,null-source
1,272,284,null-source
1,273,276,null-source
1,274,270,null-source
1,275,268,null-source
1,276,246,null-source
1,277,239,null-source
1,278,225,null-source
1,279,215,null-source
1,280,213,null-source
1,281,202,null-source
1,282,92,null-source
1,283,86,null-source
1,284,73,null-source
1,285,72,null-source
1,286,69,null-source
1,287,64,null-source
1,288,63,null-source
1,289,55,null-source
1,290,54,null-source
1,291,43,null-source
1,292,27,null-source
1,293,20,null-source
1,294,18,null-source
1,295,354,null-source
1,296,353,null-source
1,297,352,null-source
1,298,349,null-source
1,299,347,null-source
1,300,299,null-source
1,301,296,null-source
1,302,285,null-source
1,303,275,null-source
1,304,261,null-source
1,305,260,null-source
1,306,259,null-source
1,307,257,null-source
1,308,256,null-source
1,309,247,null-source
1,310,241,null-source
1,311,240,null-source
1,312,238,null-source
1,313,237,null-source
1,314,232,null-source
1,315,224,null-source
1,316,223,null-source
1,317,222,null-source
1,318,208,null-source
1,319,199,null-source
1,320,186,null-source
1,321,183,null-source
1,322,182,null-source
1,323,181,null-source
1,324,172,null-source
1,325,58,null-source
1,326,57,null-source
1,327,35,null-source
1,328,28,null-source
1,329,351,null-source
1,330,350,null-source
1,331,348,null-source
1,332,303,null-source
1,333,298,null-source
1,334,288,null-source
1,335,287,null-source
1,336,281,null-source
1,337,280,null-source
1,338,274,null-source
1,339,272,null-source
1,340,269,null-source
1,341,262,null-source
1,342,248,null-source
1,343,244,null-source
1,344,234,null-source
1,345,233,null-source
1,346,231,null-source
1,347,229,null-source
1,348,228,null-source
1,349,226,null-source
1,350,221,null-source
1,351,218,null-source
1,352,211,null-source
1,353,204,null-source
1,354,196,null-source
1,355,193,null-source
1,356,192,null-source
1,357,184,null-source
1,358,10,null-source
1,359,1,null-source
2,1,154,null-source
2,2,201,null-source
2,3,205,null-source
2,4,300,null-source
2,5,236,null-source
2,6,250,null-source
2,7,267,null-source
2,8,118,null-source
2,9,235,null-source
2,10,132,null-source
2,11,87,null-source
2,12,318,null-source
2,13,289,null-source
2,14,128,null-source
2,15,207,null-source
2,16,159,null-source
2,17,131,null-source
2,18,157,null-source
2,19,189,null-source
2,20,209,null-source
2,21,109,null-source
2,22,110,null-source
2,23,253,null-source
2,24,302,null-source
2,25,122,null-source
2,26,305,null-source
2,27,359,null-source
2,28,126,null-source
2,29,120,null-source
2,30,123,null-source
2,31,283,null-source
2,32,68,null-source
2,33,155,null-source
2,34,194,null-source
2,35,325,null-source
2,36,127,null-source
2,37,113,null-source
2,38,85,null-source
2,39,150,null-source
2,40,148,null-source
2,41,80,null-source
2,42,321,null-source
2,43,333,null-source
2,44,173,null-source
2,45,59,null-source
2,46,191,null-source
2,47,146,null-source
2,48,99,null-source
2,49,290,null-source
2,50,171,null-source
2,51,161,null-source
2,52,341,null-source
2,53,252,null-source
2,54,139,null-source
2,55,98,null-source
2,56,41,null-source
2,57,134,null-source
2,58,336,null-source
2,59,286,null-source
2,60,264,null-source
2,61,151,null-source
2,62,147,null-source
2,63,125,null-source
2,64,71,null-source
2,65,197,null-source
2,66,97,null-source
2,67,21,null-source
2,68,294,null-source
2,69,284,null-source
2,70,129,null-source
2,71,193,null-source
2,72,358,null-source
2,73,163,null-source
2,74,9,null-source
2,75,281,null-source
2,76,198,null-source
2,77,153,null-source
2,78,178,null-source
2,79,130,null-source
2,80,96,null-source
2,81,136,null-source
2,82,141,null-source
2,83,121,null-source
2,84,100,null-source
2,85,40,null-source
2,86,292,null-source
2,87,219,null-source
2,88,168,null-source
2,89,117,null-source
2,90,291,null-source
2,91,200,null-source
2,92,177,null-source
2,93,104,null-source
2,94,317,null-source
2,95,176,null-source
2,96,170,null-source
2,97,140,null-source
2,98,124,null-source
2,99,106,null-source
2,100,102,null-source
2,101,45,null-source
2,102,119,null-source
2,103,337,null-source
2,104,190,null-source
2,105,115,null-source
2,106,24,null-source
2,107,301,null-source
2,108,149,null-source
2,109,315,null-source
2,110,258,null-source
2,111,230,null-source
2,112,206,null-source
2,113,152,null-source
2,114,145,null-source
2,115,144,null-source
2,116,133,null-source
2,117,44,null-source
2,118,19,null-source
2,119,329,null-source
2,120,234,null-source
2,121,158,null-source
2,122,105,null-source
2,123,76,null-source
2,124,308,null-source
2,125,285,null-source
2,126,227,null-source
2,127,192,null-source
2,128,162,null-source
2,129,112,null-source
2,130,17,null-source
2,131,355,null-source
2,132,345,null-source
2,133,342,null-source
2,134,218,null-source
2,135,179,null-source
2,136,167,null-source
2,137,114,null-source
2,138,82,null-source
2,139,47,null-source
2,140,32,null-source
2,141,29,null-source
2,142,278,null-source
2,143,275,null-source
2,144,270,null-source
2,145,156,null-source
2,146,332,null-source
2,147,309,null-source
2,148,256,null-source
2,149,255,null-source
2,150,216,null-source
2,151,214,null-source
2,152,166,null-source
2,153,142,null-source
2,154,116,null-source
2,155,77,null-source
2,156,74,null-source
2,157,66,null-source
2,158,62,null-source
2,159,61,null-source
2,160,46,null-source
2,161,33,null-source
2,162,6,null-source
2,163,346,null-source
2,164,304,null-source
2,165,303,null-source
2,166,277,null-source
2,167,232,null-source
2,168,213,null-source
2,169,357,null-source
2,170,339,null-source
2,171,313,null-source
2,172,279,null-source
2,173,254,null-source
2,174,249,null-source
2,175,226,null-source
2,176,225,null-source
2,177,211,null-source
2,178,188,null-source
2,179,185,null-source
2,180,175,null-source
2,181,135,null-source
2,182,111,null-source
2,183,95,null-source
2,184,89,null-source
2,185,78,null-source
2,186,23,null-source
2,187,12,null-source
2,188,2,null-source
2,189,320,null-source
2,190,316,null-source
2,191,307,null-source
2,192,280,null-source
2,193,271,null-source
2,194,263,null-source
2,195,262,null-source
2,196,259,null-source
2,197,245,null-source
2,198,233,null-source
2,199,228,null-source
2,200,180,null-source
2,201,174,null-source
2,202,164,null-source
2,203,143,null-source
2,204,108,null-source
2,205,93,null-source
2,206,88,null-source
2,207,67,null-source
2,208,65,null-source
2,209,64,null-source
2,210,58,null-source
2,211,36,null-source
2,212,26,null-source
2,213,338,null-source
2,214,327,null-source
2,215,326,null-source
2,216,314,null-source
2,217,312,null-source
2,218,295,null-source
2,219,293,null-source
2,220,282,null-source
2,221,242,null-source
2,222,220,null-source
2,223,187,null-source
2,224,169,null-source
2,225,107,null-source
2,226,101,null-source
2,227,94,null-source
2,228,79,null-source
2,229,56,null-source
2,230,48,null-source
2,231,31,null-source
2,232,14,null-source
2,233,10,null-source
2,234,7,null-source
2,235,5,null-source
2,236,3,null-source
2,237,306,null-source
2,238,298,null-source
2,239,296,null-source
2,240,276,null-source
2,241,269,null-source
2,242,268,null-source
2,243,260,null-source
2,244,247,null-source
2,245,246,null-source
2,246,243,null-source
2,247,238,null-source
2,248,229,null-source
2,249,212,null-source
2,250,208,null-source
2,251,165,null-source
2,252,138,null-source
2,253,137,null-source
2,254,103,null-source
2,255,92,null-source
2,256,70,null-source
2,257,60,null-source
2,258,57,null-source
2,259,49,null-source
2,260,35,null-source
2,261,34,null-source
2,262,25,null-source
2,263,343,null-source
2,264,335,null-source
2,265,319,null-source
2,266,311,null-source
2,267,265,null-source
2,268,257,null-source
2,269,251,null-source
2,270,244,null-source
2,271,224,null-source
2,272,204,null-source
2,273,195,null-source
2,274,183,null-source
2,275,160,null-source
2,276,52,null-source
2,277,51,null-source
2,278,50,null-source
2,279,37,null-source
2,280,20,null-source
2,281,15,null-source
2,282,13,null-source
2,283,8,null-source
2,284,344,null-source
2,285,334,null-source
2,286,331,null-source
2,287,328,null-source
2,288,324,null-source
2,289,323,null-source
2,290,310,null-source
2,291,299,null-source
2,292,297,null-source
2,293,287,null-source
2,294,274,null-source
2,295,266,null-source
2,296,261,null-source
2,297,248,null-source
2,298,241,null-source
2,299,237,null-source
2,300,222,null-source
2,301,217,null-source
2,302,210,null-source
2,303,202,null-source
2,304,199,null-source
2,305,91,null-source
2,306,90,null-source
2,307,86,null-source
2,308,84,null-source
2,309,83,null-source
2,310,81,null-source
2,311,72,null-source
2,312,55,null-source
2,313,53,null-source
2,314,43,null-source
2,315,39,null-source
2,316,30,null-source
2,317,22,null-source
2,318,18,null-source
2,319,11,null-source
2,320,1,null-source
2,321,356,null-source
2,322,354,null-source
2,323,353,null-source
2,324,352,null-source
2,325,351,null-source
2,326,350,null-source
2,327,349,null-source
2,328,348,null-source
2,329,347,null-source
2,330,340,null-source
2,331,330,null-source
2,332,322,null-source
2,333,288,null-source
2,334,273,null-source
2,335,272,null-source
2,336,240,null-source
2,337,239,null-source
2,338,231,null-source
2,339,223,null-source
2,340,221,null-source
2,341,215,null-source
2,342,203,null-source
2,343,196,null-source
2,344,186,null-source
2,345,184,null-source
2,346,182,null-source
2,347,181,null-source
2,348,172,null-source
2,349,75,null-source
2,350,73,null-source
2,351,69,null-source
2,352,63,null-source
2,353,54,null-source
2,354,42,null-source
2,355,38,null-source
2,356,28,null-source
2,357,27,null-source
2,358,16,null-source
2,359,4,null-source
3,1,124,null-source
3,2,128,null-source
3,3,300,null-source
3,4,250,null-source
3,5,110,null-source
3,6,264,null-source
3,7,305,null-source
3,8,118,null-source
3,9,113,null-source
3,10,131,null-source
3,11,142,null-source
3,12,147,null-source
3,13,227,null-source
3,14,140,null-source
3,15,258,null-source
3,16,230,null-source
3,17,146,null-source
3,18,207,null-source
3,19,176,null-source
3,20,126,null-source
3,21,132,null-source
3,22,115,null-source
3,23,301,null-source
3,24,112,null-source
3,25,226,null-source
3,26,154,null-source
3,27,105,null-source
3,28,205,null-source
3,29,198,null-source
3,30,341,null-source
3,31,304,null-source
3,32,141,null-source
3,33,267,null-source
3,34,185,null-source
3,35,201,null-source
3,36,177,null-source
3,37,148,null-source
3,38,116,null-source
3,39,209,null-source
3,40,252,null-source
3,41,235,null-source
3,42,299,null-source
3,43,194,null-source
3,44,191,null-source
3,45,336,null-source
3,46,254,null-source
3,47,145,null-source
3,48,166,null-source
3,49,236,null-source
3,50,286,null-source
3,51,165,null-source
3,52,95,null-source
3,53,102,null-source
3,54,292,null-source
3,55,143,null-source
3,56,139,null-source
3,57,85,null-source
3,58,280,null-source
3,59,208,null-source
3,60,321,null-source
3,61,308,null-source
3,62,263,null-source
3,63,174,null-source
3,64,168,null-source
3,65,156,null-source
3,66,108,null-source
3,67,59,null-source
3,68,294,null-source
3,69,189,null-source
3,70,62,null-source
3,71,253,null-source
3,72,225,null-source
3,73,155,null-source
3,74,144,null-source
3,75,333,null-source
3,76,159,null-source
3,77,53,null-source
3,78,325,null-source
3,79,247,null-source
3,80,220,null-source
3,81,212,null-source
3,82,167,null-source
3,83,121,null-source
3,84,109,null-source
3,85,96,null-source
3,86,358,null-source
3,87,295,null-source
3,88,228,null-source
3,89,101,null-source
3,90,100,null-source
3,91,271,null-source
3,92,97,null-source
3,93,318,null-source
3,94,302,null-source
3,95,293,null-source
3,96,283,null-source
3,97,199,null-source
3,98,188,null-source
3,99,162,null-source
3,100,150,null-source
3,101,133,null-source
3,102,68,null-source
3,103,291,null-source
3,104,289,null-source
3,105,274,null-source
3,106,243,null-source
3,107,164,null-source
3,108,153,null-source
3,109,66,null-source
3,110,278,null-source
3,111,246,null-source
3,112,214,null-source
3,113,206,null-source
3,114,178,null-source
3,115,157,null-source
3,116,151,null-source
3,117,137,null-source
3,118,122,null-source
3,119,119,null-source
3,120,317,null-source
3,121,197,null-source
3,122,158,null-source
3,123,326,null-source
3,124,309,null-source
3,125,239,null-source
3,126,190,null-source
3,127,163,null-source
3,128,91,null-source
3,129,71,null-source
3,130,41,null-source
3,131,316,null-source
3,132,297,null-source
3,133,290,null-source
3,134,277,null-source
3,135,249,null-source
3,136,213,null-source
3,137,175,null-source
3,138,173,null-source
3,139,98,null-source
3,140,87,null-source
3,141,359,null-source
3,142,345,null-source
3,143,262,null-source
3,144,257,null-source
3,145,200,null-source
3,146,187,null-source
3,147,149,null-source
3,148,127,null-source
3,149,125,null-source
3,150,84,null-source
3,151,78,null-source
3,152,31,null-source
3,153,21,null-source
3,154,343,null-source
3,155,282,null-source
3,156,265,null-source
3,157,259,null-source
3,158,184,null-source
3,159,183,null-source
3,160,181,null-source
3,161,161,null-source
3,162,135,null-source
3,163,89,null-source
3,164,67,null-source
3,165,19,null-source
3,166,6,null-source
3,167,337,null-source
3,168,307,null-source
3,169,287,null-source
3,170,270,null-source
3,171,251,null-source
3,172,242,null-source
3,173,221,null-source
3,174,217,null-source
3,175,215,null-source
3,176,306,null-source
3,177,284,null-source
3,178,276,null-source
3,179,273,null-source
3,180,272,null-source
3,181,268,null-source
3,182,248,null-source
3,183,229,null-source
3,184,219,null-source
3,185,195,null-source
3,186,182,null-source
3,187,170,null-source
3,188,83,null-source
3,189,77,null-source
3,190,74,null-source
3,191,47,null-source
3,192,46,null-source
3,193,37,null-source
3,194,24,null-source
3,195,13,null-source
3,196,8,null-source
3,197,339,null-source
3,198,335,null-source
3,199,332,null-source
3,200,266,null-source
3,201,231,null-source
3,202,216,null-source
3,203,172,null-source
3,204,171,null-source
3,205,123,null-source
3,206,2,null-source
3,207,329,null-source
3,208,288,null-source
3,209,269,null-source
3,210,261,null-source
3,211,260,null-source
3,212,238,null-source
3,213,202,null-source
3,214,196,null-source
3,215,180,null-source
3,216,117,null-source
3,217,107,null-source
3,218,103,null-source
3,219,82,null-source
3,220,80,null-source
3,221,56,null-source
3,222,49,null-source
3,223,48,null-source
3,224,45,null-source
3,225,39,null-source
3,226,32,null-source
3,227,29,null-source
3,228,26,null-source
3,229,18,null-source
3,230,12,null-source
3,231,355,null-source
3,232,349,null-source
3,233,346,null-source
3,234,331,null-source
3,235,315,null-source
3,236,279,null-source
3,237,275,null-source
3,238,244,null-source
3,239,222,null-source
3,240,210,null-source
3,241,203,null-source
3,242,193,null-source
3,243,192,null-source
3,244,152,null-source
3,245,134,null-source
3,246,130,null-source
3,247,120,null-source
3,248,114,null-source
3,249,111,null-source
3,250,65,null-source
3,251,40,null-source
3,252,36,null-source
3,253,35,null-source
3,254,17,null-source
3,255,16,null-source
3,256,323,null-source
3,257,320,null-source
3,258,312,null-source
3,259,303,null-source
3,260,296,null-source
3,261,281,null-source
3,262,256,null-source
3,263,255,null-source
3,264,232,null-source
3,265,224,null-source
3,266,204,null-source
3,267,186,null-source
3,268,136,null-source
3,269,93,null-source
3,270,86,null-source
3,271,79,null-source
3,272,70,null-source
3,273,61,null-source
3,274,23,null-source
3,275,11,null-source
3,276,10,null-source
3,277,3,null-source
3,278,342,null-source
3,279,313,null-source
3,280,310,null-source
3,281,298,null-source
3,282,245,null-source
3,283,241,null-source
3,284,240,null-source
3,285,223,null-source
3,286,218,null-source
3,287,129,null-source
3,288,106,null-source
3,289,90,null-source
3,290,60,null-source
3,291,44,null-source
3,292,25,null-source
3,293,9,null-source
3,294,4,null-source
3,295,357,null-source
3,296,354,null-source
3,297,353,null-source
3,298,350,null-source
3,299,344,null-source
3,300,322,null-source
3,301,311,null-source
3,302,285,null-source
3,303,237,null-source
3,304,104,null-source
3,305,99,null-source
3,306,92,null-source
3,307,88,null-source
3,308,81,null-source
3,309,63,null-source
3,310,58,null-source
3,311,54,null-source
3,312,52,null-source
3,313,33,null-source
3,314,30,null-source
3,315,27,null-source
3,316,15,null-source
3,317,7,null-source
3,318,5,null-source
3,319,352,null-source
3,320,348,null-source
3,321,340,null-source
3,322,338,null-source
3,323,334,null-source
3,324,330,null-source
3,325,324,null-source
3,326,319,null-source
3,327,314,null-source
3,328,234,null-source
3,329,233,null-source
3,330,211,null-source
3,331,179,null-source
3,332,138,null-source
3,333,76,null-source
3,334,75,null-source
3,335,73,null-source
3,336,64,null-source
3,337,57,null-source
3,338,55,null-source
3,339,42,null-source
3,340,22,null-source
3,341,20,null-source
3,342,356,null-source
3,343,351,null-source
3,344,347,null-source
3,345,328,null-source
3,346,327,null-source
3,347,169,null-source
3,348,160,null-source
3,349,94,null-source
3,350,72,null-source
3,351,69,null-source
3,352,51,null-source
3,353,50,null-source
3,354,43,null-source
3,355,38,null-source
3,356,34,null-source
3,357,28,null-source
3,358,14,null-source
3,359,1,null-source
4,1,352,null-source
4,2,351,null-source
4,3,350,null-source
4,4,354,null-source
4,5,347,null-source
4,6,353,null-source
4,7,349,null-source
4,8,348,null-source
4,9,300,null-source
4,10,286,null-source
4,11,205,null-source
4,12,105,null-source
4,13,236,null-source
4,14,110,null-source
4,15,128,null-source
4,16,341,null-source
4,17,123,null-source
4,18,207,null-source
4,19,126,null-source
4,20,321,null-source
4,21,41,null-source
4,22,315,null-source
4,23,176,null-source
4,24,152,null-source
4,25,146,null-source
4,26,109,null-source
4,27,102,null-source
4,28,189,null-source
4,29,250,null-source
4,30,168,null-source
4,31,132,null-source
4,32,80,null-source
4,33,337,null-source
4,34,154,null-source
4,35,114,null-source
4,36,209,null-source
4,37,177,null-source
4,38,162,null-source
4,39,148,null-source
4,40,157,null-source
4,41,125,null-source
4,42,97,null-source
4,43,309,null-source
4,44,165,null-source
4,45,96,null-source
4,46,108,null-source
4,47,101,null-source
4,48,95,null-source
4,49,336,null-source
4,50,131,null-source
4,51,116,null-source
4,52,317,null-source
4,53,145,null-source
4,54,59,null-source
4,55,21,null-source
4,56,135,null-source
4,57,87,null-source
4,58,115,null-source
4,59,107,null-source
4,60,170,null-source
4,61,159,null-source
4,62,158,null-source
4,63,121,null-source
4,64,208,null-source
4,65,155,null-source
4,66,120,null-source
4,67,44,null-source
4,68,325,null-source
4,69,308,null-source
4,70,141,null-source
4,71,127,null-source
4,72,333,null-source
4,73,235,null-source
4,74,227,null-source
4,75,118,null-source
4,76,78,null-source
4,77,68,null-source
4,78,65,null-source
4,79,332,null-source
4,80,258,null-source
4,81,252,null-source
4,82,201,null-source
4,83,85,null-source
4,84,306,null-source
4,85,301,null-source
4,86,294,null-source
4,87,289,null-source
4,88,279,null-source
4,89,180,null-source
4,90,175,null-source
4,91,174,null-source
4,92,150,null-source
4,93,46,null-source
4,94,357,null-source
4,95,339,null-source
4,96,318,null-source
4,97,178,null-source
4,98,161,null-source
4,99,149,null-source
4,100,139,null-source
4,101,49,null-source
4,102,326,null-source
4,103,166,null-source
4,104,133,null-source
4,105,98,null-source
4,106,29,null-source
4,107,25,null-source
4,108,11,null-source
4,109,359,null-source
4,110,263,null-source
4,111,137,null-source
4,112,113,null-source
4,113,88,null-source
4,114,32,null-source
4,115,8,null-source
4,116,302,null-source
4,117,277,null-source
4,118,194,null-source
4,119,191,null-source
4,120,156,null-source
4,121,134,null-source
4,122,100,null-source
4,123,324,null-source
4,124,307,null-source
4,125,267,null-source
4,126,200,null-source
4,127,164,null-source
4,128,163,null-source
4,129,147,null-source
4,130,142,null-source
4,131,106,null-source
4,132,39,null-source
4,133,320,null-source
4,134,293,null-source
4,135,230,null-source
4,136,185,null-source
4,137,153,null-source
4,138,124,null-source
4,139,82,null-source
4,140,74,null-source
4,141,67,null-source
4,142,48,null-source
4,143,12,null-source
4,144,345,null-source
4,145,305,null-source
4,146,264,null-source
4,147,249,null-source
4,148,246,null-source
4,149,214,null-source
4,150,179,null-source
4,151,169,null-source
4,152,151,null-source
4,153,136,null-source
4,154,112,null-source
4,155,104,null-source
4,156,99,null-source
4,157,93,null-source
4,158,282,null-source
4,159,280,null-source
4,160,273,null-source
4,161,253,null-source
4,162,206,null-source
4,163,195,null-source
4,164,183,null-source
4,165,171,null-source
4,166,140,null-source
4,167,130,null-source
4,168,77,null-source
4,169,61,null-source
4,170,53,null-source
4,171,19,null-source
4,172,9,null-source
4,173,6,null-source
4,174,344,null-source
4,175,342,null-source
4,176,340,null-source
4,177,310,null-source
4,178,299,null-source
4,179,291,null-source
4,180,290,null-source
4,181,283,null-source
4,182,272,null-source
4,183,256,null-source
4,184,255,null-source
4,185,245,null-source
4,186,242,null-source
4,187,237,null-source
4,188,228,null-source
4,189,202,null-source
4,190,197,null-source
4,191,182,null-source
4,192,173,null-source
4,193,119,null-source
4,194,91,null-source
4,195,81,null-source
4,196,72,null-source
4,197,71,null-source
4,198,358,null-source
4,199,355,null-source
4,200,323,null-source
4,201,319,null-source
4,202,304,null-source
4,203,295,null-source
4,204,287,null-source
4,205,278,null-source
4,206,271,null-source
4,207,270,null-source
4,208,262,null-source
4,209,254,null-source
4,210,251,null-source
4,211,225,null-source
4,212,220,null-source
4,213,210,null-source
4,214,204,null-source
4,215,198,null-source
4,216,188,null-source
4,217,143,null-source
4,218,103,null-source
4,219,66,null-source
4,220,36,null-source
4,221,26,null-source
4,222,20,null-source
4,223,18,null-source
4,224,7,null-source
4,225,343,null-source
4,226,335,null-source
4,227,334,null-source
4,228,314,null-source
4,229,311,null-source
4,230,276,null-source
4,231,275,null-source
4,232,266,null-source
4,233,238,null-source
4,234,219,null-source
4,235,199,null-source
4,236,193,null-source
4,237,187,null-source
4,238,160,null-source
4,239,144,null-source
4,240,138,null-source
4,241,122,null-source
4,242,111,null-source
4,243,73,null-source
4,244,62,null-source
4,245,58,null-source
4,246,56,null-source
4,247,50,null-source
4,248,47,null-source
4,249,40,null-source
4,250,37,null-source
4,251,33,null-source
4,252,31,null-source
4,253,3,null-source
4,254,2,null-source
4,255,356,null-source
4,256,346,null-source
4,257,331,null-source
4,258,316,null-source
4,259,313,null-source
4,260,312,null-source
4,261,297,null-source
4,262,296,null-source
4,263,292,null-source
4,264,288,null-source
4,265,284,null-source
4,266,274,null-source
4,267,268,null-source
4,268,261,null-source
4,269,244,null-source
4,270,243,null-source
4,271,226,null-source
4,272,224,null-source
4,273,213,null-source
4,274,186,null-source
4,275,181,null-source
4,276,167,null-source
4,277,89,null-source
4,278,84,null-source
4,279,83,null-source
4,280,76,null-source
4,281,55,null-source
4,282,54,null-source
4,283,52,null-source
4,284,43,null-source
4,285,34,null-source
4,286,13,null-source
4,287,10,null-source
4,288,5,null-source
4,289,1,null-source
4,290,298,null-source
4,291,269,null-source
4,292,257,null-source
4,293,248,null-source
4,294,247,null-source
4,295,240,null-source
4,296,239,null-source
4,297,231,null-source
4,298,229,null-source
4,299,223,null-source
4,300,222,null-source
4,301,221,null-source
4,302,218,null-source
4,303,217,null-source
4,304,216,null-source
4,305,211,null-source
4,306,203,null-source
4,307,196,null-source
4,308,190,null-source
4,309,184,null-source
4,310,172,null-source
4,311,129,null-source
4,312,117,null-source
4,313,90,null-source
4,314,79,null-source
4,315,75,null-source
4,316,64,null-source
4,317,63,null-source
4,318,57,null-source
4,319,45,null-source
4,320,30,null-source
4,321,24,null-source
4,322,23,null-source
4,323,22,null-source
4,324,16,null-source
4,325,15,null-source
4,326,14,null-source
4,327,4,null-source
4,328,338,null-source
4,329,330,null-source
4,330,329,null-source
4,331,328,null-source
4,332,327,null-source
4,333,322,null-source
4,334,303,null-source
4,335,285,null-source
4,336,281,null-source
4,337,265,null-source
4,338,260,null-source
4,339,259,null-source
4,340,241,null-source
4,341,234,null-source
4,342,233,null-source
4,343,232,null-source
4,344,215,null-source
4,345,212,null-source
4,346,192,null-source
4,347,94,null-source
4,348,92,null-source
4,349,86,null-source
4,350,70,null-source
4,351,69,null-source
4,352,60,null-source
4,353,51,null-source
4,354,42,null-source
4,355,38,null-source
4,356,35,null-source
4,357,28,null-source
4,358,27,null-source
4,359,17,null-source
5,1,155,null-source
5,2,123,null-source
5,3,118,null-source
5,4,235,null-source
5,5,146,null-source
5,6,110,null-source
5,7,157,null-source
5,8,142,null-source
5,9,140,null-source
5,10,205,null-source
5,11,127,null-source
5,12,250,null-source
5,13,264,null-source
5,14,170,null-source
5,15,254,null-source
5,16,236,null-source
5,17,150,null-source
5,18,227,null-source
5,19,132,null-source
5,20,139,null-source
5,21,300,null-source
5,22,230,null-source
5,23,114,null-source
5,24,189,null-source
5,25,115,null-source
5,26,153,null-source
5,27,87,null-source
5,28,154,null-source
5,29,333,null-source
5,30,220,null-source
5,31,291,null-source
5,32,318,null-source
5,33,225,null-source
5,34,304,null-source
5,35,201,null-source
5,36,179,null-source
5,37,85,null-source
5,38,219,null-source
5,39,209,null-source
5,40,301,null-source
5,41,98,null-source
5,42,19,null-source
5,43,164,null-source
5,44,120,null-source
5,45,289,null-source
5,46,249,null-source
5,47,174,null-source
5,48,134,null-source
5,49,305,null-source
5,50,292,null-source
5,51,109,null-source
5,52,177,null-source
5,53,321,null-source
5,54,358,null-source
5,55,194,null-source
5,56,151,null-source
5,57,68,null-source
5,58,258,null-source
5,59,135,null-source
5,60,128,null-source
5,61,95,null-source
5,62,6,null-source
5,63,357,null-source
5,64,180,null-source
5,65,138,null-source
5,66,130,null-source
5,67,80,null-source
5,68,359,null-source
5,69,207,null-source
5,70,302,null-source
5,71,262,null-source
5,72,246,null-source
5,73,178,null-source
5,74,168,null-source
5,75,124,null-source
5,76,105,null-source
5,77,147,null-source
5,78,32,null-source
5,79,226,null-source
5,80,67,null-source
5,81,191,null-source
5,82,252,null-source
5,83,212,null-source
5,84,167,null-source
5,85,41,null-source
5,86,341,null-source
5,87,126,null-source
5,88,45,null-source
5,89,14,null-source
5,90,148,null-source
5,91,131,null-source
5,92,119,null-source
5,93,47,null-source
5,94,198,null-source
5,95,171,null-source
5,96,137,null-source
5,97,193,null-source
5,98,165,null-source
5,99,116,null-source
5,100,346,null-source
5,101,267,null-source
5,102,253,null-source
5,103,106,null-source
5,104,309,null-source
5,105,290,null-source
5,106,282,null-source
5,107,163,null-source
5,108,59,null-source
5,109,31,null-source
5,110,9,null-source
5,111,338,null-source
5,112,325,null-source
5,113,245,null-source
5,114,100,null-source
5,115,345,null-source
5,116,307,null-source
5,117,195,null-source
5,118,141,null-source
5,119,355,null-source
5,120,53,null-source
5,121,316,null-source
5,122,242,null-source
5,123,202,null-source
5,124,166,null-source
5,125,161,null-source
5,126,144,null-source
5,127,122,null-source
5,128,293,null-source
5,129,275,null-source
5,130,263,null-source
5,131,214,null-source
5,132,200,null-source
5,133,173,null-source
5,134,113,null-source
5,135,2,null-source
5,136,247,null-source
5,137,216,null-source
5,138,175,null-source
5,139,125,null-source
5,140,108,null-source
5,141,96,null-source
5,142,286,null-source
5,143,208,null-source
5,144,149,null-source
5,145,71,null-source
5,146,12,null-source
5,147,336,null-source
5,148,326,null-source
5,149,312,null-source
5,150,243,null-source
5,151,159,null-source
5,152,188,null-source
5,153,70,null-source
5,154,23,null-source
5,155,299,null-source
5,156,283,null-source
5,157,228,null-source
5,158,156,null-source
5,159,133,null-source
5,160,75,null-source
5,161,64,null-source
5,162,40,null-source
5,163,337,null-source
5,164,315,null-source
5,165,310,null-source
5,166,295,null-source
5,167,294,null-source
5,168,176,null-source
5,169,162,null-source
5,170,145,null-source
5,171,99,null-source
5,172,97,null-source
5,173,88,null-source
5,174,56,null-source
5,175,28,null-source
5,176,266,null-source
5,177,241,null-source
5,178,240,null-source
5,179,213,null-source
5,180,152,null-source
5,181,143,null-source
5,182,17,null-source
5,183,15,null-source
5,184,317,null-source
5,185,270,null-source
5,186,222,null-source
5,187,206,null-source
5,188,190,null-source
5,189,84,null-source
5,190,58,null-source
5,191,27,null-source
5,192,335,null-source
5,193,329,null-source
5,194,320,null-source
5,195,314,null-source
5,196,311,null-source
5,197,284,null-source
5,198,279,null-source
5,199,271,null-source
5,200,255,null-source
5,201,232,null-source
5,202,229,null-source
5,203,197,null-source
5,204,136,null-source
5,205,121,null-source
5,206,112,null-source
5,207,104,null-source
5,208,93,null-source
5,209,49,null-source
5,210,46,null-source
5,211,44,null-source
5,212,34,null-source
5,213,29,null-source
5,214,21,null-source
5,215,16,null-source
5,216,13,null-source
5,217,10,null-source
5,218,8,null-source
5,219,7,null-source
5,220,343,null-source
5,221,331,null-source
5,222,308,null-source
5,223,297,null-source
5,224,285,null-source
5,225,278,null-source
5,226,277,null-source
5,227,259,null-source
5,228,256,null-source
5,229,239,null-source
5,230,210,null-source
5,231,183,null-source
5,232,91,null-source
5,233,78,null-source
5,234,77,null-source
5,235,76,null-source
5,236,66,null-source
5,237,24,null-source
5,238,5,null-source
5,239,340,null-source
5,240,274,null-source
5,241,244,null-source
5,242,238,null-source
5,243,218,null-source
5,244,187,null-source
5,245,185,null-source
5,246,62,null-source
5,247,61,null-source
5,248,33,null-source
5,249,342,null-source
5,250,334,null-source
5,251,332,null-source
5,252,306,null-source
5,253,296,null-source
5,254,288,null-source
5,255,280,null-source
5,256,276,null-source
5,257,265,null-source
5,258,257,null-source
5,259,234,null-source
5,260,233,null-source
5,261,217,null-source
5,262,172,null-source
5,263,169,null-source
5,264,160,null-source
5,265,129,null-source
5,266,117,null-source
5,267,101,null-source
5,268,89,null-source
5,269,74,null-source
5,270,65,null-source
5,271,50,null-source
5,272,48,null-source
5,273,35,null-source
5,274,18,null-source
5,275,11,null-source
5,276,344,null-source
5,277,339,null-source
5,278,313,null-source
5,279,303,null-source
5,280,298,null-source
5,281,287,null-source
5,282,260,null-source
5,283,248,null-source
5,284,231,null-source
5,285,224,null-source
5,286,223,null-source
5,287,199,null-source
5,288,196,null-source
5,289,158,null-source
5,290,103,null-source
5,291,102,null-source
5,292,92,null-source
5,293,90,null-source
5,294,82,null-source
5,295,79,null-source
5,296,54,null-source
5,297,52,null-source
5,298,51,null-source
5,299,43,null-source
5,300,39,null-source
5,301,37,null-source
5,302,25,null-source
5,303,20,null-source
5,304,4,null-source
5,305,3,null-source
5,306,1,null-source
5,307,356,null-source
5,308,354,null-source
5,309,353,null-source
5,310,351,null-source
5,311,350,null-source
5,312,349,null-source
5,313,347,null-source
5,314,324,null-source
5,315,319,null-source
5,316,281,null-source
5,317,273,null-source
5,318,269,null-source
5,319,268,null-source
5,320,261,null-source
5,321,237,null-source
5,322,221,null-source
5,323,215,null-source
5,324,211,null-source
5,325,203,null-source
5,326,192,null-source
5,327,184,null-source
5,328,111,null-source
5,329,107,null-source
5,330,86,null-source
5,331,83,null-source
5,332,73,null-source
5,333,63,null-source
5,334,60,null-source
5,335,42,null-source
5,336,36,null-source
5,337,30,null-source
5,338,22,null-source
5,339,352,null-source
5,340,348,null-source
5,341,330,null-source
5,342,328,null-source
5,343,327,null-source
5,344,323,null-source
5,345,322,null-source
5,346,272,null-source
5,347,251,null-source
5,348,204,null-source
5,349,186,null-source
5,350,182,null-source
5,351,181,null-source
5,352,94,null-source
5,353,81,null-source
5,354,72,null-source
5,355,69,null-source
5,356,57,null-source
5,357,55,null-source
5,358,38,null-source
5,359,26,null-source
6,1,123,null-source
6,2,157,null-source
6,3,189,null-source
6,4,300,null-source
6,5,205,null-source
6,6,87,null-source
6,7,110,null-source
6,8,250,null-source
6,9,154,null-source
6,10,118,null-source
6,11,146,null-source
6,12,120,null-source
6,13,286,null-source
6,14,318,null-source
6,15,132,null-source
6,16,209,null-source
6,17,235,null-source
6,18,127,null-source
6,19,359,null-source
6,20,85,null-source
6,21,236,null-source
6,22,109,null-source
6,23,155,null-source
6,24,207,null-source
6,25,128,null-source
6,26,98,null-source
6,27,161,null-source
6,28,153,null-source
6,29,163,null-source
6,30,201,null-source
6,31,150,null-source
6,32,227,null-source
6,33,292,null-source
6,34,219,null-source
6,35,80,null-source
6,36,264,null-source
6,37,126,null-source
6,38,252,null-source
6,39,151,null-source
6,40,41,null-source
6,41,289,null-source
6,42,321,null-source
6,43,115,null-source
6,44,302,null-source
6,45,119,null-source
6,46,341,null-source
6,47,305,null-source
6,48,291,null-source
6,49,131,null-source
6,50,194,null-source
6,51,45,null-source
6,52,267,null-source
6,53,130,null-source
6,54,102,null-source
6,55,44,null-source
6,56,325,null-source
6,57,230,null-source
6,58,129,null-source
6,59,125,null-source
6,60,165,null-source
6,61,141,null-source
6,62,166,null-source
6,63,108,null-source
6,64,31,null-source
6,65,178,null-source
6,66,148,null-source
6,67,139,null-source
6,68,134,null-source
6,69,337,null-source
6,70,121,null-source
6,71,173,null-source
6,72,170,null-source
6,73,116,null-source
6,74,19,null-source
6,75,9,null-source
6,76,168,null-source
6,77,138,null-source
6,78,122,null-source
6,79,346,null-source
6,80,171,null-source
6,81,137,null-source
6,82,96,null-source
6,83,59,null-source
6,84,336,null-source
6,85,246,null-source
6,86,48,null-source
6,87,355,null-source
6,88,332,null-source
6,89,113,null-source
6,90,315,null-source
6,91,301,null-source
6,92,253,null-source
6,93,176,null-source
6,94,145,null-source
6,95,135,null-source
6,96,311,null-source
6,97,164,null-source
6,98,99,null-source
6,99,40,null-source
6,100,175,null-source
6,101,159,null-source
6,102,345,null-source
6,103,314,null-source
6,104,309,null-source
6,105,304,null-source
6,106,258,null-source
6,107,245,null-source
6,108,152,null-source
6,109,149,null-source
6,110,124,null-source
6,111,107,null-source
6,112,97,null-source
6,113,77,null-source
6,114,68,null-source
6,115,282,null-source
6,116,279,null-source
6,117,266,null-source
6,118,191,null-source
6,119,180,null-source
6,120,144,null-source
6,121,117,null-source
6,122,106,null-source
6,123,21,null-source
6,124,262,null-source
6,125,177,null-source
6,126,143,null-source
6,127,114,null-source
6,128,65,null-source
6,129,333,null-source
6,130,326,null-source
6,131,320,null-source
6,132,310,null-source
6,133,294,null-source
6,134,190,null-source
6,135,185,null-source
6,136,179,null-source
6,137,71,null-source
6,138,53,null-source
6,139,357,null-source
6,140,214,null-source
6,141,105,null-source
6,142,73,null-source
6,143,290,null-source
6,144,200,null-source
6,145,13,null-source
6,146,293,null-source
6,147,280,null-source
6,148,195,null-source
6,149,169,null-source
6,150,100,null-source
6,151,88,null-source
6,152,72,null-source
6,153,47,null-source
6,154,26,null-source
6,155,6,null-source
6,156,339,null-source
6,157,338,null-source
6,158,335,null-source
6,159,285,null-source
6,160,284,null-source
6,161,243,null-source
6,162,226,null-source
6,163,158,null-source
6,164,147,null-source
6,165,140,null-source
6,166,136,null-source
6,167,95,null-source
6,168,67,null-source
6,169,10,null-source
6,170,2,null-source
6,171,317,null-source
6,172,308,null-source
6,173,307,null-source
6,174,296,null-source
6,175,295,null-source
6,176,281,null-source
6,177,249,null-source
6,178,208,null-source
6,179,156,null-source
6,180,142,null-source
6,181,133,null-source
6,182,112,null-source
6,183,104,null-source
6,184,82,null-source
6,185,66,null-source
6,186,64,null-source
6,187,58,null-source
6,188,12,null-source
6,189,11,null-source
6,190,343,null-source
6,191,247,null-source
6,192,225,null-source
6,193,220,null-source
6,194,216,null-source
6,195,197,null-source
6,196,174,null-source
6,197,84,null-source
6,198,78,null-source
6,199,39,null-source
6,200,32,null-source
6,201,24,null-source
6,202,324,null-source
6,203,316,null-source
6,204,306,null-source
6,205,259,null-source
6,206,257,null-source
6,207,256,null-source
6,208,255,null-source
6,209,228,null-source
6,210,222,null-source
6,211,188,null-source
6,212,111,null-source
6,213,94,null-source
6,214,86,null-source
6,215,83,null-source
6,216,35,null-source
6,217,34,null-source
6,218,14,null-source
6,219,342,null-source
6,220,334,null-source
6,221,330,null-source
6,222,278,null-source
6,223,277,null-source
6,224,268,null-source
6,225,254,null-source
6,226,242,null-source
6,227,240,null-source
6,228,238,null-source
6,229,218,null-source
6,230,211,null-source
6,231,202,null-source
6,232,193,null-source
6,233,183,null-source
6,234,162,null-source
6,235,103,null-source
6,236,93,null-source
6,237,76,null-source
6,238,74,null-source
6,239,70,null-source
6,240,62,null-source
6,241,57,null-source
6,242,49,null-source
6,243,46,null-source
6,244,28,null-source
6,245,27,null-source
6,246,5,null-source
6,247,358,null-source
6,248,340,null-source
6,249,329,null-source
6,250,287,null-source
6,251,276,null-source
6,252,271,null-source
6,253,270,null-source
6,254,248,null-source
6,255,229,null-source
6,256,224,null-source
6,257,210,null-source
6,258,187,null-source
6,259,167,null-source
6,260,101,null-source
6,261,81,null-source
6,262,75,null-source
6,263,25,null-source
6,264,23,null-source
6,265,17,null-source
6,266,8,null-source
6,267,331,null-source
6,268,327,null-source
6,269,319,null-source
6,270,312,null-source
6,271,299,null-source
6,272,297,null-source
6,273,283,null-source
6,274,273,null-source
6,275,261,null-source
6,276,241,null-source
6,277,237,null-source
6,278,233,null-source
6,279,213,null-source
6,280,198,null-source
6,281,182,null-source
6,282,181,null-source
6,283,91,null-source
6,284,89,null-source
6,285,60,null-source
6,286,56,null-source
6,287,51,null-source
6,288,43,null-source
6,289,37,null-source
6,290,36,null-source
6,291,18,null-source
6,292,16,null-source
6,293,4,null-source
6,294,356,null-source
6,295,352,null-source
6,296,349,null-source
6,297,347,null-source
6,298,323,null-source
6,299,303,null-source
6,300,288,null-source
6,301,275,null-source
6,302,274,null-source
6,303,272,null-source
6,304,269,null-source
6,305,263,null-source
6,306,239,null-source
6,307,217,null-source
6,308,212,null-source
6,309,203,null-source
6,310,192,null-source
6,311,184,null-source
6,312,160,null-source
6,313,90,null-source
6,314,63,null-source
6,315,61,null-source
6,316,52,null-source
6,317,50,null-source
6,318,30,null-source
6,319,29,null-source
6,320,20,null-source
6,321,7,null-source
6,322,3,null-source
6,323,354,null-source
6,324,353,null-source
6,325,351,null-source
6,326,350,null-source
6,327,348,null-source
6,328,344,null-source
6,329,328,null-source
6,330,322,null-source
6,331,313,null-source
6,332,298,null-source
6,333,265,null-source
6,334,260,null-source
6,335,251,null-source
6,336,244,null-source
6,337,234,null-source
6,338,232,null-source
6,339,231,null-source
6,340,223,null-source
6,341,221,null-source
6,342,215,null-source
6,343,206,null-source
6,344,204,null-source
6,345,199,null-source
6,346,196,null-source
6,347,186,null-source
6,348,172,null-source
6,349,92,null-source
6,350,79,null-source
6,351,69,null-source
6,352,55,null-source
6,353,54,null-source
6,354,42,null-source
6,355,38,null-source
6,356,33,null-source
6,357,22,null-source
6,358,15,null-source
6,359,1,null-source
7,1,300,null-source
7,2,250,null-source
7,3,132,null-source
7,4,123,null-source
7,5,305,null-source
7,6,286,null-source
7,7,207,null-source
7,8,114,null-source
7,9,68,null-source
7,10,205,null-source
7,11,127,null-source
7,12,118,null-source
7,13,154,null-source
7,14,80,null-source
7,15,357,null-source
7,16,236,null-source
7,17,209,null-source
7,18,180,null-source
7,19,146,null-source
7,20,157,null-source
7,21,109,null-source
7,22,150,null-source
7,23,131,null-source
7,24,230,null-source
7,25,85,null-source
7,26,341,null-source
7,27,155,null-source
7,28,177,null-source
7,29,134,null-source
7,30,325,null-source
7,31,59,null-source
7,32,235,null-source
7,33,189,null-source
7,34,120,null-source
7,35,289,null-source
7,36,279,null-source
7,37,317,null-source
7,38,125,null-source
7,39,126,null-source
7,40,321,null-source
7,41,98,null-source
7,42,174,null-source
7,43,153,null-source
7,44,152,null-source
7,45,147,null-source
7,46,252,null-source
7,47,227,null-source
7,48,139,null-source
7,49,115,null-source
7,50,110,null-source
7,51,96,null-source
7,52,159,null-source
7,53,201,null-source
7,54,200,null-source
7,55,219,null-source
7,56,194,null-source
7,57,101,null-source
7,58,87,null-source
7,59,318,null-source
7,60,165,null-source
7,61,161,null-source
7,62,9,null-source
7,63,336,null-source
7,64,151,null-source
7,65,264,null-source
7,66,148,null-source
7,67,124,null-source
7,68,41,null-source
7,69,337,null-source
7,70,282,null-source
7,71,249,null-source
7,72,176,null-source
7,73,141,null-source
7,74,53,null-source
7,75,254,null-source
7,76,178,null-source
7,77,163,null-source
7,78,142,null-source
7,79,140,null-source
7,80,130,null-source
7,81,105,null-source
7,82,65,null-source
7,83,333,null-source
7,84,301,null-source
7,85,267,null-source
7,86,156,null-source
7,87,309,null-source
7,88,166,null-source
7,89,135,null-source
7,90,116,null-source
7,91,70,null-source
7,92,191,null-source
7,93,136,null-source
7,94,185,null-source
7,95,121,null-source
7,96,77,null-source
7,97,10,null-source
7,98,302,null-source
7,99,292,null-source
7,100,97,null-source
7,101,74,null-source
7,102,40,null-source
7,103,294,null-source
7,104,258,null-source
7,105,253,null-source
7,106,170,null-source
7,107,168,null-source
7,108,138,null-source
7,109,133,null-source
7,110,100,null-source
7,111,76,null-source
7,112,273,null-source
7,113,179,null-source
7,114,173,null-source
7,115,167,null-source
7,116,144,null-source
7,117,6,null-source
7,118,2,null-source
7,119,246,null-source
7,120,195,null-source
7,121,171,null-source
7,122,143,null-source
7,123,122,null-source
7,124,88,null-source
7,125,25,null-source
7,126,332,null-source
7,127,307,null-source
7,128,283,null-source
7,129,271,null-source
7,130,214,null-source
7,131,102,null-source
7,132,99,null-source
7,133,45,null-source
7,134,345,null-source
7,135,290,null-source
7,136,280,null-source
7,137,277,null-source
7,138,220,null-source
7,139,162,null-source
7,140,137,null-source
7,141,107,null-source
7,142,44,null-source
7,143,19,null-source
7,144,359,null-source
7,145,320,null-source
7,146,304,null-source
7,147,257,null-source
7,148,242,null-source
7,149,228,null-source
7,150,106,null-source
7,151,71,null-source
7,152,62,null-source
7,153,32,null-source
7,154,164,null-source
7,155,119,null-source
7,156,112,null-source
7,157,104,null-source
7,158,64,null-source
7,159,47,null-source
7,160,295,null-source
7,161,291,null-source
7,162,275,null-source
7,163,211,null-source
7,164,158,null-source
7,165,145,null-source
7,166,129,null-source
7,167,113,null-source
7,168,78,null-source
7,169,39,null-source
7,170,21,null-source
7,171,12,null-source
7,172,358,null-source
7,173,316,null-source
7,174,311,null-source
7,175,274,null-source
7,176,247,null-source
7,177,225,null-source
7,178,198,null-source
7,179,182,null-source
7,180,175,null-source
7,181,149,null-source
7,182,94,null-source
7,183,73,null-source
7,184,56,null-source
7,185,31,null-source
7,186,23,null-source
7,187,338,null-source
7,188,329,null-source
7,189,308,null-source
7,190,293,null-source
7,191,262,null-source
7,192,245,null-source
7,193,226,null-source
7,194,216,null-source
7,195,197,null-source
7,196,193,null-source
7,197,181,null-source
7,198,66,null-source
7,199,8,null-source
7,200,339,null-source
7,201,313,null-source
7,202,296,null-source
7,203,285,null-source
7,204,276,null-source
7,205,184,null-source
7,206,128,null-source
7,207,93,null-source
7,208,84,null-source
7,209,79,null-source
7,210,72,null-source
7,211,26,null-source
7,212,11,null-source
7,213,3,null-source
7,214,340,null-source
7,215,315,null-source
7,216,299,null-source
7,217,284,null-source
7,218,278,null-source
7,219,251,null-source
7,220,243,null-source
7,221,212,null-source
7,222,208,null-source
7,223,199,null-source
7,224,190,null-source
7,225,187,null-source
7,226,108,null-source
7,227,81,null-source
7,228,67,null-source
7,229,63,null-source
7,230,49,null-source
7,231,37,null-source
7,232,33,null-source
7,233,13,null-source
7,234,5,null-source
7,235,343,null-source
7,236,335,null-source
7,237,306,null-source
7,238,265,null-source
7,239,263,null-source
7,240,238,null-source
7,241,232,null-source
7,242,215,null-source
7,243,213,null-source
7,244,206,null-source
7,245,204,null-source
7,246,188,null-source
7,247,183,null-source
7,248,169,null-source
7,249,160,null-source
7,250,95,null-source
7,251,89,null-source
7,252,83,null-source
7,253,48,null-source
7,254,14,null-source
7,255,355,null-source
7,256,354,null-source
7,257,331,null-source
7,258,288,null-source
7,259,272,null-source
7,260,260,null-source
7,261,248,null-source
7,262,244,null-source
7,263,229,null-source
7,264,224,null-source
7,265,111,null-source
7,266,86,null-source
7,267,82,null-source
7,268,57,null-source
7,269,36,null-source
7,270,24,null-source
7,271,20,null-source
7,272,16,null-source
7,273,7,null-source
7,274,346,null-source
7,275,314,null-source
7,276,287,null-source
7,277,270,null-source
7,278,266,null-source
7,279,237,null-source
7,280,233,null-source
7,281,231,null-source
7,282,222,null-source
7,283,221,null-source
7,284,117,null-source
7,285,103,null-source
7,286,91,null-source
7,287,58,null-source
7,288,46,null-source
7,289,35,null-source
7,290,34,null-source
7,291,29,null-source
7,292,28,null-source
7,293,27,null-source
7,294,356,null-source
7,295,353,null-source
7,296,351,null-source
7,297,347,null-source
7,298,344,null-source
7,299,342,null-source
7,300,334,null-source
7,301,327,null-source
7,302,326,null-source
7,303,324,null-source
7,304,322,null-source
7,305,319,null-source
7,306,310,null-source
7,307,297,null-source
7,308,269,null-source
7,309,261,null-source
7,310,259,null-source
7,311,256,null-source
7,312,255,null-source
7,313,241,null-source
7,314,240,null-source
7,315,234,null-source
7,316,223,null-source
7,317,217,null-source
7,318,203,null-source
7,319,202,null-source
7,320,196,null-source
7,321,192,null-source
7,322,75,null-source
7,323,61,null-source
7,324,60,null-source
7,325,55,null-source
7,326,54,null-source
7,327,52,null-source
7,328,51,null-source
7,329,50,null-source
7,330,38,null-source
7,331,30,null-source
7,332,22,null-source
7,333,18,null-source
7,334,17,null-source
7,335,4,null-source
7,336,352,null-source
7,337,350,null-source
7,338,349,null-source
7,339,348,null-source
7,340,330,null-source
7,341,328,null-source
7,342,323,null-source
7,343,312,null-source
7,344,303,null-source
7,345,298,null-source
7,346,281,null-source
7,347,268,null-source
7,348,239,null-source
7,349,218,null-source
7,350,210,null-source
7,351,186,null-source
7,352,172,null-source
7,353,92,null-source
7,354,90,null-source
7,355,69,null-source
7,356,43,null-source
7,357,42,null-source
7,358,15,null-source
7,359,1,null-source
8,1,109,null-source
8,2,126,null-source
8,3,102,null-source
8,4,107,null-source
8,5,341,null-source
8,6,176,null-source
8,7,148,null-source
8,8,300,null-source
8,9,168,null-source
8,10,336,null-source
8,11,180,null-source
8,12,357,null-source
8,13,131,null-source
8,14,145,null-source
8,15,177,null-source
8,16,317,null-source
8,17,100,null-source
8,18,185,null-source
8,19,128,null-source
8,20,108,null-source
8,21,116,null-source
8,22,125,null-source
8,23,59,null-source
8,24,309,null-source
8,25,141,null-source
8,26,315,null-source
8,27,250,null-source
8,28,111,null-source
8,29,286,null-source
8,30,308,null-source
8,31,325,null-source
8,32,209,null-source
8,33,105,null-source
8,34,101,null-source
8,35,97,null-source
8,36,159,null-source
8,37,321,null-source
8,38,137,null-source
8,39,121,null-source
8,40,149,null-source
8,41,96,null-source
8,42,77,null-source
8,43,345,null-source
8,44,113,null-source
8,45,333,null-source
8,46,207,null-source
8,47,62,null-source
8,48,106,null-source
8,49,103,null-source
8,50,158,null-source
8,51,132,null-source
8,52,134,null-source
8,53,110,null-source
8,54,104,null-source
8,55,152,null-source
8,56,127,null-source
8,57,332,null-source
8,58,173,null-source
8,59,169,null-source
8,60,162,null-source
8,61,44,null-source
8,62,339,null-source
8,63,155,null-source
8,64,154,null-source
8,65,143,null-source
8,66,112,null-source
8,67,21,null-source
8,68,98,null-source
8,69,82,null-source
8,70,78,null-source
8,71,307,null-source
8,72,227,null-source
8,73,146,null-source
8,74,53,null-source
8,75,294,null-source
8,76,133,null-source
8,77,115,null-source
8,78,95,null-source
8,79,91,null-source
8,80,191,null-source
8,81,201,null-source
8,82,166,null-source
8,83,39,null-source
8,84,174,null-source
8,85,170,null-source
8,86,66,null-source
8,87,301,null-source
8,88,236,null-source
8,89,175,null-source
8,90,99,null-source
8,91,189,null-source
8,92,120,null-source
8,93,29,null-source
8,94,205,null-source
8,95,251,null-source
8,96,178,null-source
8,97,118,null-source
8,98,163,null-source
8,99,6,null-source
8,100,340,null-source
8,101,235,null-source
8,102,150,null-source
8,103,198,null-source
8,104,11,null-source
8,105,306,null-source
8,106,122,null-source
8,107,114,null-source
8,108,265,null-source
8,109,253,null-source
8,110,136,null-source
8,111,40,null-source
8,112,32,null-source
8,113,26,null-source
8,114,356,null-source
8,115,326,null-source
8,116,171,null-source
8,117,157,null-source
8,118,153,null-source
8,119,117,null-source
8,120,80,null-source
8,121,41,null-source
8,122,68,null-source
8,123,48,null-source
8,124,12,null-source
8,125,346,null-source
8,126,328,null-source
8,127,264,null-source
8,128,208,null-source
8,129,195,null-source
8,130,161,null-source
8,131,129,null-source
8,132,123,null-source
8,133,52,null-source
8,134,8,null-source
8,135,358,null-source
8,136,318,null-source
8,137,284,null-source
8,138,267,null-source
8,139,89,null-source
8,140,79,null-source
8,141,355,null-source
8,142,343,null-source
8,143,331,null-source
8,144,293,null-source
8,145,275,null-source
8,146,245,null-source
8,147,240,null-source
8,148,239,null-source
8,149,220,null-source
8,150,188,null-source
8,151,165,null-source
8,152,93,null-source
8,153,70,null-source
8,154,24,null-source
8,155,18,null-source
8,156,344,null-source
8,157,342,null-source
8,158,337,null-source
8,159,319,null-source
8,160,313,null-source
8,161,271,null-source
8,162,263,null-source
8,163,258,null-source
8,164,254,null-source
8,165,230,null-source
8,166,221,null-source
8,167,124,null-source
8,168,119,null-source
8,169,302,null-source
8,170,295,null-source
8,171,237,null-source
8,172,187,null-source
8,173,179,null-source
8,174,151,null-source
8,175,88,null-source
8,176,87,null-source
8,177,81,null-source
8,178,55,null-source
8,179,19,null-source
8,180,320,null-source
8,181,316,null-source
8,182,289,null-source
8,183,266,null-source
8,184,213,null-source
8,185,210,null-source
8,186,190,null-source
8,187,172,null-source
8,188,160,null-source
8,189,147,null-source
8,190,138,null-source
8,191,42,null-source
8,192,4,null-source
8,193,3,null-source
8,194,338,null-source
8,195,335,null-source
8,196,322,null-source
8,197,311,null-source
8,198,305,null-source
8,199,199,null-source
8,200,196,null-source
8,201,85,null-source
8,202,45,null-source
8,203,16,null-source
8,204,9,null-source
8,205,334,null-source
8,206,330,null-source
8,207,249,null-source
8,208,223,null-source
8,209,216,null-source
8,210,206,null-source
8,211,200,null-source
8,212,156,null-source
8,213,135,null-source
8,214,130,null-source
8,215,90,null-source
8,216,67,null-source
8,217,56,null-source
8,218,38,null-source
8,219,5,null-source
8,220,2,null-source
8,221,312,null-source
8,222,298,null-source
8,223,296,null-source
8,224,292,null-source
8,225,282,null-source
8,226,280,null-source
8,227,278,null-source
8,228,274,null-source
8,229,272,null-source
8,230,270,null-source
8,231,268,null-source
8,232,238,null-source
8,233,231,null-source
8,234,228,null-source
8,235,226,null-source
8,236,225,null-source
8,237,217,null-source
8,238,197,null-source
8,239,183,null-source
8,240,164,null-source
8,241,144,null-source
8,242,139,null-source
8,243,83,null-source
8,244,75,null-source
8,245,72,null-source
8,246,71,null-source
8,247,50,null-source
8,248,47,null-source
8,249,37,null-source
8,250,25,null-source
8,251,10,null-source
8,252,354,null-source
8,253,329,null-source
8,254,314,null-source
8,255,290,null-source
8,256,277,null-source
8,257,276,null-source
8,258,260,null-source
8,259,247,null-source
8,260,246,null-source
8,261,243,null-source
8,262,218,null-source
8,263,214,null-source
8,264,194,null-source
8,265,193,null-source
8,266,186,null-source
8,267,184,null-source
8,268,181,null-source
8,269,167,null-source
8,270,142,null-source
8,271,140,null-source
8,272,64,null-source
8,273,57,null-source
8,274,49,null-source
8,275,13,null-source
8,276,359,null-source
8,277,323,null-source
8,278,304,null-source
8,279,287,null-source
8,280,283,null-source
8,281,279,null-source
8,282,273,null-source
8,283,262,null-source
8,284,259,null-source
8,285,257,null-source
8,286,248,null-source
8,287,244,null-source
8,288,242,null-source
8,289,233,null-source
8,290,232,null-source
8,291,229,null-source
8,292,224,null-source
8,293,215,null-source
8,294,92,null-source
8,295,84,null-source
8,296,76,null-source
8,297,74,null-source
8,298,73,null-source
8,299,61,null-source
8,300,33,null-source
8,301,30,null-source
8,302,28,null-source
8,303,22,null-source
8,304,17,null-source
8,305,353,null-source
8,306,350,null-source
8,307,347,null-source
8,308,327,null-source
8,309,310,null-source
8,310,297,null-source
8,311,291,null-source
8,312,285,null-source
8,313,269,null-source
8,314,261,null-source
8,315,256,null-source
8,316,222,null-source
8,317,219,null-source
8,318,212,null-source
8,319,204,null-source
8,320,203,null-source
8,321,202,null-source
8,322,182,null-source
8,323,65,null-source
8,324,60,null-source
8,325,58,null-source
8,326,54,null-source
8,327,51,null-source
8,328,46,null-source
8,329,43,null-source
8,330,36,null-source
8,331,35,null-source
8,332,34,null-source
8,333,27,null-source
8,334,14,null-source
8,335,1,null-source
8,336,352,null-source
8,337,351,null-source
8,338,349,null-source
8,339,348,null-source
8,340,324,null-source
8,341,303,null-source
8,342,299,null-source
8,343,288,null-source
8,344,281,null-source
8,345,255,null-source
8,346,252,null-source
8,347,241,null-source
8,348,234,null-source
8,349,211,null-source
8,350,192,null-source
8,351,94,null-source
8,352,86,null-source
8,353,69,null-source
8,354,63,null-source
8,355,31,null-source
8,356,23,null-source
8,357,20,null-source
8,358,15,null-source
8,359,7,null-source
9,1,198,null-source
9,2,155,null-source
9,3,123,null-source
9,4,333,null-source
9,5,120,null-source
9,6,87,null-source
9,7,19,null-source
9,8,98,null-source
9,9,121,null-source
9,10,109,null-source
9,11,157,null-source
9,12,264,null-source
9,13,205,null-source
9,14,227,null-source
9,15,126,null-source
9,16,318,null-source
9,17,132,null-source
9,18,325,null-source
9,19,2,null-source
9,20,321,null-source
9,21,119,null-source
9,22,59,null-source
9,23,170,null-source
9,24,359,null-source
9,25,127,null-source
9,26,134,null-source
9,27,124,null-source
9,28,150,null-source
9,29,209,null-source
9,30,301,null-source
9,31,122,null-source
9,32,235,null-source
9,33,67,null-source
9,34,6,null-source
9,35,164,null-source
9,36,114,null-source
9,37,236,null-source
9,38,118,null-source
9,39,357,null-source
9,40,250,null-source
9,41,146,null-source
9,42,300,null-source
9,43,115,null-source
9,44,9,null-source
9,45,341,null-source
9,46,139,null-source
9,47,66,null-source
9,48,45,null-source
9,49,135,null-source
9,50,207,null-source
9,51,129,null-source
9,52,304,null-source
9,53,201,null-source
9,54,148,null-source
9,55,105,null-source
9,56,337,null-source
9,57,326,null-source
9,58,163,null-source
9,59,110,null-source
9,60,102,null-source
9,61,358,null-source
9,62,8,null-source
9,63,99,null-source
9,64,133,null-source
9,65,175,null-source
9,66,141,null-source
9,67,89,null-source
9,68,329,null-source
9,69,180,null-source
9,70,149,null-source
9,71,128,null-source
9,72,179,null-source
9,73,47,null-source
9,74,338,null-source
9,75,286,null-source
9,76,154,null-source
9,77,142,null-source
9,78,14,null-source
9,79,316,null-source
9,80,292,null-source
9,81,178,null-source
9,82,131,null-source
9,83,220,null-source
9,84,194,null-source
9,85,31,null-source
9,86,308,null-source
9,87,168,null-source
9,88,153,null-source
9,89,219,null-source
9,90,165,null-source
9,91,85,null-source
9,92,50,null-source
9,93,5,null-source
9,94,332,null-source
9,95,314,null-source
9,96,140,null-source
9,97,32,null-source
9,98,342,null-source
9,99,302,null-source
9,100,173,null-source
9,101,130,null-source
9,102,117,null-source
9,103,95,null-source
9,104,335,null-source
9,105,252,null-source
9,106,166,null-source
9,107,97,null-source
9,108,355,null-source
9,109,309,null-source
9,110,108,null-source
9,111,104,null-source
9,112,62,null-source
9,113,53,null-source
9,114,34,null-source
9,115,317,null-source
9,116,307,null-source
9,117,174,null-source
9,118,145,null-source
9,119,106,null-source
9,120,61,null-source
9,121,267,null-source
9,122,239,null-source
9,123,177,null-source
9,124,138,null-source
9,125,336,null-source
9,126,320,null-source
9,127,305,null-source
9,128,299,null-source
9,129,151,null-source
9,130,107,null-source
9,131,41,null-source
9,132,346,null-source
9,133,315,null-source
9,134,258,null-source
9,135,226,null-source
9,136,101,null-source
9,137,311,null-source
9,138,254,null-source
9,139,161,null-source
9,140,75,null-source
9,141,49,null-source
9,142,263,null-source
9,143,253,null-source
9,144,246,null-source
9,145,191,null-source
9,146,167,null-source
9,147,143,null-source
9,148,80,null-source
9,149,68,null-source
9,150,48,null-source
9,151,36,null-source
9,152,189,null-source
9,153,43,null-source
9,154,289,null-source
9,155,249,null-source
9,156,171,null-source
9,157,100,null-source
9,158,33,null-source
9,159,28,null-source
9,160,16,null-source
9,161,306,null-source
9,162,283,null-source
9,163,162,null-source
9,164,144,null-source
9,165,113,null-source
9,166,96,null-source
9,167,78,null-source
9,168,77,null-source
9,169,74,null-source
9,170,71,null-source
9,171,40,null-source
9,172,7,null-source
9,173,310,null-source
9,174,278,null-source
9,175,265,null-source
9,176,195,null-source
9,177,159,null-source
9,178,111,null-source
9,179,56,null-source
9,180,51,null-source
9,181,37,null-source
9,182,21,null-source
9,183,13,null-source
9,184,225,null-source
9,185,193,null-source
9,186,176,null-source
9,187,64,null-source
9,188,44,null-source
9,189,27,null-source
9,190,344,null-source
9,191,322,null-source
9,192,313,null-source
9,193,295,null-source
9,194,279,null-source
9,195,197,null-source
9,196,152,null-source
9,197,137,null-source
9,198,125,null-source
9,199,103,null-source
9,200,83,null-source
9,201,25,null-source
9,202,24,null-source
9,203,323,null-source
9,204,319,null-source
9,205,294,null-source
9,206,287,null-source
9,207,284,null-source
9,208,251,null-source
9,209,243,null-source
9,210,202,null-source
9,211,183,null-source
9,212,136,null-source
9,213,112,null-source
9,214,81,null-source
9,215,312,null-source
9,216,291,null-source
9,217,260,null-source
9,218,222,null-source
9,219,214,null-source
9,220,160,null-source
9,221,147,null-source
9,222,90,null-source
9,223,82,null-source
9,224,57,null-source
9,225,54,null-source
9,226,46,null-source
9,227,23,null-source
9,228,345,null-source
9,229,339,null-source
9,230,334,null-source
9,231,330,null-source
9,232,297,null-source
9,233,277,null-source
9,234,271,null-source
9,235,269,null-source
9,236,268,null-source
9,237,245,null-source
9,238,238,null-source
9,239,230,null-source
9,240,228,null-source
9,241,217,null-source
9,242,190,null-source
9,243,188,null-source
9,244,169,null-source
9,245,156,null-source
9,246,70,null-source
9,247,65,null-source
9,248,52,null-source
9,249,39,null-source
9,250,17,null-source
9,251,11,null-source
9,252,10,null-source
9,253,354,null-source
9,254,343,null-source
9,255,275,null-source
9,256,266,null-source
9,257,232,null-source
9,258,221,null-source
9,259,218,null-source
9,260,212,null-source
9,261,210,null-source
9,262,206,null-source
9,263,200,null-source
9,264,199,null-source
9,265,158,null-source
9,266,116,null-source
9,267,91,null-source
9,268,84,null-source
9,269,30,null-source
9,270,26,null-source
9,271,1,null-source
9,272,356,null-source
9,273,353,null-source
9,274,351,null-source
9,275,349,null-source
9,276,347,null-source
9,277,340,null-source
9,278,331,null-source
9,279,327,null-source
9,280,324,null-source
9,281,298,null-source
9,282,290,null-source
9,283,276,null-source
9,284,272,null-source
9,285,257,null-source
9,286,247,null-source
9,287,229,null-source
9,288,224,null-source
9,289,216,null-source
9,290,215,null-source
9,291,185,null-source
9,292,184,null-source
9,293,79,null-source
9,294,73,null-source
9,295,72,null-source
9,296,38,null-source
9,297,35,null-source
9,298,22,null-source
9,299,3,null-source
9,300,350,null-source
9,301,328,null-source
9,302,303,null-source
9,303,296,null-source
9,304,293,null-source
9,305,288,null-source
9,306,285,null-source
9,307,281,null-source
9,308,270,null-source
9,309,262,null-source
9,310,256,null-source
9,311,248,null-source
9,312,244,null-source
9,313,241,null-source
9,314,240,null-source
9,315,231,null-source
9,316,223,null-source
9,317,208,null-source
9,318,94,null-source
9,319,92,null-source
9,320,88,null-source
9,321,76,null-source
9,322,60,null-source
9,323,58,null-source
9,324,18,null-source
9,325,12,null-source
9,326,4,null-source
9,327,352,null-source
9,328,348,null-source
9,329,282,null-source
9,330,280,null-source
9,331,274,null-source
9,332,273,null-source
9,333,261,null-source
9,334,259,null-source
9,335,255,null-source
9,336,242,null-source
9,337,237,null-source
9,338,234,null-source
9,339,233,null-source
9,340,213,null-source
9,341,211,null-source
9,342,204,null-source
9,343,203,null-source
9,344,196,null-source
9,345,192,null-source
9,346,187,null-source
9,347,186,null-source
9,348,182,null-source
9,349,181,null-source
9,350,172,null-source
9,351,93,null-source
9,352,86,null-source
9,353,69,null-source
9,354,63,null-source
9,355,55,null-source
9,356,42,null-source
9,357,29,null-source
9,358,20,null-source
9,359,15,null-source
10,1,110,null-source
10,2,300,null-source
10,3,279,null-source
10,4,155,null-source
10,5,114,null-source
10,6,146,null-source
10,7,123,null-source
10,8,207,null-source
10,9,250,null-source
10,10,132,null-source
10,11,177,null-source
10,12,134,null-source
10,13,357,null-source
10,14,128,null-source
10,15,321,null-source
10,16,180,null-source
10,17,341,null-source
10,18,41,null-source
10,19,59,null-source
10,20,358,null-source
10,21,150,null-source
10,22,345,null-source
10,23,127,null-source
10,24,19,null-source
10,25,95,null-source
10,26,170,null-source
10,27,301,null-source
10,28,309,null-source
10,29,153,null-source
10,30,174,null-source
10,31,21,null-source
10,32,333,null-source
10,33,125,null-source
10,34,80,null-source
10,35,135,null-source
10,36,139,null-source
10,37,317,null-source
10,38,109,null-source
10,39,118,null-source
10,40,105,null-source
10,41,308,null-source
10,42,286,null-source
10,43,161,null-source
10,44,68,null-source
10,45,11,null-source
10,46,157,null-source
10,47,154,null-source
10,48,148,null-source
10,49,10,null-source
10,50,325,null-source
10,51,185,null-source
10,52,306,null-source
10,53,178,null-source
10,54,120,null-source
10,55,205,null-source
10,56,126,null-source
10,57,168,null-source
10,58,143,null-source
10,59,85,null-source
10,60,176,null-source
10,61,116,null-source
10,62,236,null-source
10,63,227,null-source
10,64,201,null-source
10,65,151,null-source
10,66,271,null-source
10,67,113,null-source
10,68,336,null-source
10,69,209,null-source
10,70,165,null-source
10,71,124,null-source
10,72,40,null-source
10,73,258,null-source
10,74,219,null-source
10,75,315,null-source
10,76,206,null-source
10,77,202,null-source
10,78,194,null-source
10,79,115,null-source
10,80,104,null-source
10,81,96,null-source
10,82,62,null-source
10,83,264,null-source
10,84,100,null-source
10,85,49,null-source
10,86,337,null-source
10,87,263,null-source
10,88,220,null-source
10,89,208,null-source
10,90,189,null-source
10,91,175,null-source
10,92,65,null-source
10,93,44,null-source
10,94,235,null-source
10,95,162,null-source
10,96,108,null-source
10,97,102,null-source
10,98,179,null-source
10,99,67,null-source
10,100,294,null-source
10,101,159,null-source
10,102,142,null-source
10,103,53,null-source
10,104,32,null-source
10,105,2,null-source
10,106,173,null-source
10,107,29,null-source
10,108,200,null-source
10,109,191,null-source
10,110,133,null-source
10,111,76,null-source
10,112,26,null-source
10,113,313,null-source
10,114,267,null-source
10,115,245,null-source
10,116,144,null-source
10,117,137,null-source
10,118,131,null-source
10,119,98,null-source
10,120,46,null-source
10,121,249,null-source
10,122,158,null-source
10,123,145,null-source
10,124,326,null-source
10,125,320,null-source
10,126,152,null-source
10,127,106,null-source
10,128,73,null-source
10,129,332,null-source
10,130,304,null-source
10,131,289,null-source
10,132,282,null-source
10,133,253,null-source
10,134,121,null-source
10,135,103,null-source
10,136,72,null-source
10,137,314,null-source
10,138,254,null-source
10,139,252,null-source
10,140,171,null-source
10,141,169,null-source
10,142,119,null-source
10,143,101,null-source
10,144,81,null-source
10,145,47,null-source
10,146,291,null-source
10,147,195,null-source
10,148,141,null-source
10,149,138,null-source
10,150,91,null-source
10,151,45,null-source
10,152,25,null-source
10,153,24,null-source
10,154,339,null-source
10,155,331,null-source
10,156,305,null-source
10,157,276,null-source
10,158,188,null-source
10,159,183,null-source
10,160,163,null-source
10,161,97,null-source
10,162,71,null-source
10,163,64,null-source
10,164,31,null-source
10,165,6,null-source
10,166,338,null-source
10,167,318,null-source
10,168,307,null-source
10,169,302,null-source
10,170,237,null-source
10,171,187,null-source
10,172,149,null-source
10,173,39,null-source
10,174,14,null-source
10,175,296,null-source
10,176,293,null-source
10,177,292,null-source
10,178,247,null-source
10,179,228,null-source
10,180,210,null-source
10,181,164,null-source
10,182,140,null-source
10,183,82,null-source
10,184,77,null-source
10,185,56,null-source
10,186,12,null-source
10,187,335,null-source
10,188,334,null-source
10,189,316,null-source
10,190,311,null-source
10,191,310,null-source
10,192,284,null-source
10,193,262,null-source
10,194,230,null-source
10,195,225,null-source
10,196,217,null-source
10,197,214,null-source
10,198,213,null-source
10,199,199,null-source
10,200,198,null-source
10,201,166,null-source
10,202,156,null-source
10,203,130,null-source
10,204,112,null-source
10,205,93,null-source
10,206,89,null-source
10,207,87,null-source
10,208,75,null-source
10,209,58,null-source
10,210,27,null-source
10,211,16,null-source
10,212,5,null-source
10,213,1,null-source
10,214,359,null-source
10,215,355,null-source
10,216,349,null-source
10,217,346,null-source
10,218,342,null-source
10,219,283,null-source
10,220,270,null-source
10,221,243,null-source
10,222,240,null-source
10,223,222,null-source
10,224,190,null-source
10,225,129,null-source
10,226,122,null-source
10,227,94,null-source
10,228,86,null-source
10,229,83,null-source
10,230,66,null-source
10,231,48,null-source
10,232,28,null-source
10,233,23,null-source
10,234,9,null-source
10,235,343,null-source
10,236,329,null-source
10,237,327,null-source
10,238,324,null-source
10,239,323,null-source
10,240,299,null-source
10,241,281,null-source
10,242,280,null-source
10,243,273,null-source
10,244,259,null-source
10,245,257,null-source
10,246,238,null-source
10,247,224,null-source
10,248,197,null-source
10,249,193,null-source
10,250,147,null-source
10,251,107,null-source
10,252,99,null-source
10,253,88,null-source
10,254,84,null-source
10,255,74,null-source
10,256,63,null-source
10,257,61,null-source
10,258,37,null-source
10,259,33,null-source
10,260,20,null-source
10,261,13,null-source
10,262,8,null-source
10,263,7,null-source
10,264,344,null-source
10,265,322,null-source
10,266,319,null-source
10,267,287,null-source
10,268,277,null-source
10,269,275,null-source
10,270,269,null-source
10,271,266,null-source
10,272,261,null-source
10,273,251,null-source
10,274,244,null-source
10,275,229,null-source
10,276,226,null-source
10,277,223,null-source
10,278,221,null-source
10,279,216,null-source
10,280,215,null-source
10,281,211,null-source
10,282,186,null-source
10,283,184,null-source
10,284,167,null-source
10,285,160,null-source
10,286,111,null-source
10,287,79,null-source
10,288,70,null-source
10,289,43,null-source
10,290,34,null-source
10,291,30,null-source
10,292,22,null-source
10,293,18,null-source
10,294,17,null-source
10,295,4,null-source
10,296,3,null-source
10,297,354,null-source
10,298,348,null-source
10,299,340,null-source
10,300,328,null-source
10,301,312,null-source
10,302,303,null-source
10,303,297,null-source
10,304,295,null-source
10,305,290,null-source
10,306,285,null-source
10,307,274,null-source
10,308,272,null-source
10,309,265,null-source
10,310,260,null-source
10,311,248,null-source
10,312,246,null-source
10,313,242,null-source
10,314,241,null-source
10,315,239,null-source
10,316,232,null-source
10,317,231,null-source
10,318,218,null-source
10,319,212,null-source
10,320,204,null-source
10,321,203,null-source
10,322,136,null-source
10,323,117,null-source
10,324,90,null-source
10,325,78,null-source
10,326,54,null-source
10,327,52,null-source
10,328,51,null-source
10,329,50,null-source
10,330,42,null-source
10,331,15,null-source
10,332,356,null-source
10,333,353,null-source
10,334,352,null-source
10,335,351,null-source
10,336,350,null-source
10,337,347,null-source
10,338,330,null-source
10,339,298,null-source
10,340,288,null-source
10,341,278,null-source
10,342,268,null-source
10,343,256,null-source
10,344,255,null-source
10,345,234,null-source
10,346,233,null-source
10,347,196,null-source
10,348,192,null-source
10,349,182,null-source
10,350,181,null-source
10,351,172,null-source
10,352,92,null-source
10,353,69,null-source
10,354,60,null-source
10,355,57,null-source
10,356,55,null-source
10,357,38,null-source
10,358,36,null-source
10,359,35,null-source
