topicId,words..
1,kingdom inform men indians americans war general native extract killed
2,mr public present house time committee bill subject meeting state
3,south number ditto company wales west cape john north june
4,captain king chief people vessel immediately port natives crew son
5,country land government colony emigration years year persons great emigrants
6,made great society labour give power late means property information
7,england money long good young ship london esq made evening
8,town arrived st general received days fort left quebec army
9,states united canada british america state colonies york american upper
10,river mr miles place country man governor good settlement time
