topicId,words..
1,land south wales dollars van acres australia market day goods
2,english make small good work find corn found miles climate
3,young paper left letter friends heard friend months appointed days
4,north west company provisions party lord river half trade charge
5,america things wild excellent england home bad make man farmers
6,states united british vessels act colonies britain islands foreign articles
7,kingdom state inform american america york war congress british present
8,meeting church understand evening long public number assembly glasgow rev
9,emigration number emigrants persons year population colonies amount sum ireland
10,court gentlemen interest present authority motion lord state commission dr
11,mr committee bill house time hear hon stated sir proposed
12,day full hold gold sterling feet reached bank till occasion
13,free slaves island country extract manner thing half inform lay
14,means family persons children years families person mentioned proportion grant
15,late expected learn week duke quarter thursday military happy grace
16,colony esq company colonial purpose paid private security made john
17,people time part man good made side order carried place
18,canada upper quebec royal province montreal british state subjects people
19,indians americans letter army native st force received dated letters
20,fort received enemy st papers captain sir head de place
21,mr miles river timber distance western time road beautiful appearance
22,town house fire boat houses clock morning hundred saturday passed
23,king chief natives crew people island captain vessel death son
24,general arrived men colonel troops left killed regiment inform lieutenant
25,ditto june john james april sept william st july thomas
26,government colony cape settlers made majesty hope good individuals secretary
27,board london zealand india south east captain gave supposed put
28,country years labour money increase parts world labourers give capital
29,governor country place water supply colony view coast inhabitants fully
30,public government subject present system plan laws power england question
31,general men great degree account common year active expect highly
32,made found part law proper service information peace measures raised
33,great society settlement considerable europe high situation produce land health
34,ship vessel passengers sailed ships passage sail trade leith convicts
35,chiefs fowler lives strangers round neck port maria plunder night
